{
  "items": [
    {
      "type": "file",
      "ctime": 1750803722729,
      "path": "SYSTEM/ASSETS/regra-nomenclatura-code-snippets.md"
    },
    {
      "type": "file",
      "ctime": 1751088528040,
      "path": "SELF/ME.md"
    },
    {
      "type": "file",
      "ctime": 1757710849426,
      "path": "ATLAS/01_INDEX/index-templates.md"
    },
    {
      "type": "file",
      "ctime": 1759517440759,
      "path": "50 Projects & Outputs/51 Ongoing/Flight School Obsidian Vault/2025-10-03-Flight School Obsidian Vault.md"
    },
    {
      "type": "file",
      "ctime": 1759914691223,
      "path": "20 Focus Areas/22 Family/Family.md"
    },
    {
      "type": "file",
      "ctime": 1759914700687,
      "path": "20 Focus Areas/24 Youtube PKM Channel/Kanban Youtube PKM Channel.md"
    },
    {
      "type": "file",
      "ctime": 1759914906524,
      "path": "50 Projects & Outputs/51 Ongoing/PKM pro system/PKM pro system.md"
    },
    {
      "type": "file",
      "ctime": 1761097041207,
      "path": "Comece Aqui 🎉.md"
    },
    {
      "type": "folder",
      "ctime": 1761096600633,
      "path": "Atlas/Conceitos/+ Entendendo o básico",
      "title": "Entendendo o Básico"
    },
    {
      "type": "folder",
      "ctime": 1761096608403,
      "path": "Atlas/Conceitos/ACE & ARC Frameworks"
    },
    {
      "type": "folder",
      "ctime": 1761096611995,
      "path": "Atlas/Conceitos/Arquiteto & Jardineiro"
    },
    {
      "type": "file",
      "ctime": 1761097048069,
      "path": "🏠.md"
    }
  ]
}