{
  "omnisearch:show-modal": [
    {
      "modifiers": [
        "Mod",
        "Shift"
      ],
      "key": "S"
    }
  ],
  "obsidian-full-calendar:full-calendar-open": [
    {
      "modifiers": [
        "Mod",
        "Shift"
      ],
      "key": "X"
    }
  ],
  "quickadd:choice:9a4a8c3c-5e7a-4261-bd7f-85f2891948a7": [
    {
      "modifiers": [
        "Mod"
      ],
      "key": "N"
    }
  ],
  "file-explorer:new-file": [],
  "quickadd:choice:a2828339-cd6f-4405-a42f-12ce397ef27f": [
    {
      "modifiers": [
        "Mod"
      ],
      "key": "N"
    }
  ],
  "workspace:undo-close-pane": [],
  "quickadd:choice:2007de3a-6e66-4c31-b749-ea2232af1ebc": [
    {
      "modifiers": [
        "Alt"
      ],
      "key": "N"
    }
  ],
  "templater-obsidian:create-new-note-from-template": [
    {
      "modifiers": [
        "Alt",
        "Mod"
      ],
      "key": "N"
    }
  ],
  "app:delete-file": [
    {
      "modifiers": [
        "Mod",
        "Shift"
      ],
      "key": "-"
    }
  ],
  "obsidian-hotkeys-for-specific-files:SYSTEM/ASSETS/hotkeys.md": [
    {
      "modifiers": [
        "Mod",
        "Shift"
      ],
      "key": "K"
    }
  ],
  "graph:open": [],
  "graph:open-local": [
    {
      "modifiers": [
        "Mod"
      ],
      "key": "G"
    }
  ],
  "workspace:goto-tab-1": [
    {
      "modifiers": [
        "Mod"
      ],
      "key": "1"
    }
  ],
  "workspace:goto-tab-2": [
    {
      "modifiers": [
        "Mod"
      ],
      "key": "2"
    }
  ],
  "workspace:goto-tab-3": [
    {
      "modifiers": [
        "Mod"
      ],
      "key": "3"
    }
  ],
  "workspace:goto-tab-4": [
    {
      "modifiers": [
        "Mod"
      ],
      "key": "4"
    }
  ],
  "workspace:goto-tab-5": [
    {
      "modifiers": [
        "Mod"
      ],
      "key": "5"
    }
  ],
  "workspace:goto-tab-6": [
    {
      "modifiers": [
        "Mod"
      ],
      "key": "6"
    }
  ],
  "workspace:goto-tab-7": [
    {
      "modifiers": [
        "Mod"
      ],
      "key": "7"
    }
  ],
  "workspace:goto-tab-8": [
    {
      "modifiers": [
        "Mod"
      ],
      "key": "8"
    }
  ],
  "workspace:goto-last-tab": [
    {
      "modifiers": [
        "Mod"
      ],
      "key": "9"
    }
  ],
  "pane-relief:go-prev": [
    {
      "modifiers": [
        "Alt"
      ],
      "key": "PageDown"
    }
  ],
  "pane-relief:go-next": [],
  "pane-relief:win-next": [
    {
      "modifiers": [
        "Alt"
      ],
      "key": "PageUp"
    }
  ],
  "editor:focus-left": [
    {
      "modifiers": [
        "Alt"
      ],
      "key": "ArrowLeft"
    }
  ],
  "editor:focus-right": [
    {
      "modifiers": [
        "Alt"
      ],
      "key": "ArrowRight"
    }
  ],
  "editor:focus-bottom": [
    {
      "modifiers": [
        "Alt"
      ],
      "key": "ArrowDown"
    }
  ],
  "editor:focus-top": [
    {
      "modifiers": [
        "Alt"
      ],
      "key": "ArrowUp"
    }
  ],
  "periodic-notes:open-yearly-note": [
    {
      "modifiers": [
        "Mod",
        "Shift"
      ],
      "key": "Y"
    }
  ],
  "file-explorer:move-file": [
    {
      "modifiers": [
        "Alt"
      ],
      "key": "M"
    }
  ],
  "obsidian-hotkeys-for-specific-files:SYSTEM/ASSETS/Dataview/@-calendar-tasks-query.md-new-tab": [
    {
      "modifiers": [
        "Mod",
        "Shift"
      ],
      "key": "T"
    }
  ],
  "templater-obsidian:replace-in-file-templater": [],
  "obsidian-hotkeys-for-specific-files:EFFORTS/09_AREAS/ESTUDOS.md": [
    {
      "modifiers": [
        "Mod",
        "Shift"
      ],
      "key": "1"
    }
  ],
  "obsidian-hotkeys-for-specific-files:SYSTEM/SCRIPTS/Similar-Search.py": [
    {
      "modifiers": [
        "Mod",
        "Shift"
      ],
      "key": "3"
    }
  ],
  "obsidian-hotkeys-for-specific-files:SYSTEM/SCRIPTS/Zettell.py-new-tab": [
    {
      "modifiers": [
        "Mod",
        "Shift"
      ],
      "key": "2"
    }
  ],
  "obsidian-hotkeys-for-specific-files:_index_notas.md": [
    {
      "modifiers": [
        "Mod",
        "Shift"
      ],
      "key": "3"
    }
  ],
  "daily-notes:goto-next": [
    {
      "modifiers": [
        "Alt"
      ],
      "key": "/"
    }
  ],
  "obsidian-hotkeys-for-specific-files:SYSTEM/ASSETS/Dataview/DATAVIEW-QUERY-JS.md-new-tab": [
    {
      "modifiers": [
        "Mod",
        "Shift"
      ],
      "key": "1"
    }
  ],
  "bookmarks:bookmark-all-tabs": [
    {
      "modifiers": [
        "Alt"
      ],
      "key": "B"
    }
  ],
  "quickadd:choice:9dd5d65e-dae6-4ada-8590-069c6fedb6c2": [
    {
      "modifiers": [
        "Mod"
      ],
      "key": "N"
    }
  ],
  "homepage:open-homepage": [
    {
      "modifiers": [
        "Mod",
        "Shift"
      ],
      "key": "H"
    }
  ],
  "bookmarks:open": [
    {
      "modifiers": [
        "Mod",
        "Shift"
      ],
      "key": "B"
    }
  ],
  "outline:open": [
    {
      "modifiers": [
        "Mod",
        "Shift"
      ],
      "key": "O"
    }
  ],
  "quickadd:choice:3edf5ca1-598e-42e8-beec-fe2714a9a1f9": [
    {
      "modifiers": [
        "Mod"
      ],
      "key": "N"
    }
  ],
  "recent-files-obsidian:recent-files-open": [
    {
      "modifiers": [
        "Mod",
        "Shift"
      ],
      "key": "H"
    }
  ],
  "editor:toggle-source": [
    {
      "modifiers": [
        "Mod",
        "Shift"
      ],
      "key": "S"
    }
  ],
  "daily-notes": [
    {
      "modifiers": [
        "Mod",
        "Shift"
      ],
      "key": "D"
    }
  ],
  "file-explorer:new-file-in-new-pane": [],
  "workspace:close-window": [],
  "obsidian42-brat:allCommands": [
    {
      "modifiers": [
        "Alt",
        "Mod"
      ],
      "key": "P"
    }
  ],
  "workspace:close-others": [
    {
      "modifiers": [
        "Alt",
        "Mod"
      ],
      "key": "W"
    }
  ],
  "workspace:toggle-pin": [
    {
      "modifiers": [
        "Alt"
      ],
      "key": "F"
    }
  ],
  "callout-manager:manage-callouts": [
    {
      "modifiers": [
        "Alt"
      ],
      "key": "C"
    }
  ],
  "workspaces:open-modal": [
    {
      "modifiers": [
        "Alt"
      ],
      "key": "A"
    }
  ],
  "editor:save-file": [],
  "obsidian-hotkeys-for-specific-files:ATLAS/01_INDEX/index-templates.md": [
    {
      "modifiers": [
        "Mod",
        "Shift"
      ],
      "key": "1"
    }
  ],
  "obsidian-hotkeys-for-specific-files:README.md-new-tab": [
    {
      "modifiers": [
        "Mod",
        "Shift"
      ],
      "key": "4"
    }
  ],
  "obsidian-hotkeys-for-specific-files:+/ATLAS.base": [
    {
      "modifiers": [
        "Mod",
        "Shift"
      ],
      "key": "5"
    }
  ],
  "obsidian-hotkeys-for-specific-files:ATLAS/ATLAS.base": [
    {
      "modifiers": [
        "Mod",
        "Shift"
      ],
      "key": "5"
    }
  ],
  "obsidian-hotkeys-for-specific-files:SYSTEM/ASSETS/Dataview/@-templates.md": [
    {
      "modifiers": [
        "Mod",
        "Shift"
      ],
      "key": "1"
    }
  ],
  "obsidian-hotkeys-for-specific-files:SYSTEM/SCRIPTS/index-.py-new-tab": [
    {
      "modifiers": [
        "Mod",
        "Shift"
      ],
      "key": "6"
    }
  ],
  "keep-the-rhythm:open-keep-the-rhythm": [
    {
      "modifiers": [
        "Alt"
      ],
      "key": "K"
    }
  ],
  "obsidian-hotkeys-for-specific-files:🏠.md": [
    {
      "modifiers": [
        "Alt"
      ],
      "key": "H"
    }
  ],
  "persistent-graph:save-node-positions": [
    {
      "modifiers": [
        "Alt"
      ],
      "key": "G"
    }
  ],
  "persistent-graph:restore-node-positions": [
    {
      "modifiers": [
        "Alt"
      ],
      "key": "L"
    }
  ],
  "dashboard-navigator:dashboard": [
    {
      "modifiers": [
        "Alt"
      ],
      "key": "V"
    }
  ],
  "app:toggle-right-sidebar": [
    {
      "modifiers": [
        "Alt"
      ],
      "key": "["
    }
  ],
  "app:toggle-left-sidebar": [
    {
      "modifiers": [
        "Alt"
      ],
      "key": "]"
    }
  ],
  "obsidian-mind-map:app:markmap-preview": [
    {
      "modifiers": [
        "Mod"
      ],
      "key": "M"
    }
  ],
  "periodic-notes:next-daily-note": [
    {
      "modifiers": [
        "Alt"
      ],
      "key": "Key193"
    }
  ],
  "periodic-notes:prev-daily-note": [
    {
      "modifiers": [
        "Alt"
      ],
      "key": "Key226"
    }
  ],
  "obsidian-hotkeys-for-specific-files:60 System/63 Scripts/Zettell.py-new-tab": [
    {
      "modifiers": [
        "Mod",
        "Shift"
      ],
      "key": "2"
    }
  ],
  "workspaces:save": [
    {
      "modifiers": [
        "Alt",
        "Mod"
      ],
      "key": "S"
    }
  ],
  "obsidian-hotkeys-for-specific-files:60 System/63 Scripts/onefile_export.py-new-tab": [
    {
      "modifiers": [
        "Mod",
        "Shift"
      ],
      "key": "3"
    }
  ],
  "obsidian-hotkeys-for-specific-files:60 System/63 Scripts/Similar-Search.py-new-tab": [
    {
      "modifiers": [
        "Mod",
        "Shift"
      ],
      "key": "4"
    }
  ],
  "obsidian-git:push": [
    {
      "modifiers": [
        "Mod",
        "Shift"
      ],
      "key": "G"
    }
  ],
  "share-note:share-note": [
    {
      "modifiers": [
        "Mod",
        "Shift"
      ],
      "key": "Q"
    }
  ],
  "workspaces:load": [
    {
      "modifiers": [
        "Alt"
      ],
      "key": "W"
    }
  ],
  "quickadd:choice:e7c0cfff-583f-4da9-a201-79b4d5a12de4": [
    {
      "modifiers": [
        "Alt"
      ],
      "key": "N"
    }
  ],
  "quickadd:choice:6430f0b6-4d07-44f9-9b1a-45e79f6bee19": [
    {
      "modifiers": [
        "Mod",
        "Shift"
      ],
      "key": "A"
    }
  ],
  "periodic-notes:open-monthly-note": [
    {
      "modifiers": [
        "Mod",
        "Shift"
      ],
      "key": "M"
    }
  ],
  "quickadd:choice:d888e3d9-0b4c-4b15-8ee5-50e3df65fd06": [
    {
      "modifiers": [
        "Alt"
      ],
      "key": "D"
    }
  ],
  "tasknotes:open-tasks-view": [
    {
      "modifiers": [
        "Mod",
        "Shift"
      ],
      "key": "T"
    }
  ],
  "tasknotes:create-new-task": [
    {
      "modifiers": [
        "Alt"
      ],
      "key": "T"
    }
  ],
  "quickadd:choice:10f80def-5599-4540-82ba-a57264decae6": [
    {
      "modifiers": [
        "Mod"
      ],
      "key": "N"
    }
  ],
  "obsidian-hotkeys-for-specific-files:60 System/61 Assets/61.1 Dataview/@-templates.md-new-tab": [
    {
      "modifiers": [
        "Mod",
        "Shift"
      ],
      "key": "1"
    }
  ],
  "pomodoro-timer:toggle-timer-panel": [
    {
      "modifiers": [
        "Alt"
      ],
      "key": "P"
    }
  ],
  "file-explorer:open": [
    {
      "modifiers": [
        "Mod",
        "Shift"
      ],
      "key": "P"
    }
  ],
  "tasknotes:open-pomodoro-view": [
    {
      "modifiers": [
        "Alt"
      ],
      "key": "P"
    }
  ],
  "gridexplorer:open-grid-view": [
    {
      "modifiers": [
        "Alt"
      ],
      "key": "G"
    }
  ],
  "obsidian-hotkeys-for-specific-files:System/Assets/61.1 Dataview/@-templates.md-new-tab": [
    {
      "modifiers": [
        "Mod",
        "Shift"
      ],
      "key": "1"
    }
  ],
  "periodic-notes:open-weekly-note": [
    {
      "modifiers": [
        "Mod",
        "Shift"
      ],
      "key": "W"
    }
  ]
}